leaf_sample	species	assoc_soil_sample	soil_type	C_leaf	N_leaf	Ca_leaf	Mg_leaf	Na_leaf	K_leaf	P_leaf	Cr_leaf	Fe_leaf	Mn_leaf	Ni_leaf	Al_leaf	Cu_leaf	Zn_leaf	S_leaf	Pb_leaf	Co_leaf	Cd_leaf	Mo_leaf	assoc_leaf_sample	H2O_pH_soil	Kcl_pH_soil	C_soil	N_soil	Ca_soil	Mg_soil	Na_soil	K_soil	P_soil	Cr_soil	Fe_soil	Mn_soil	Ni_soil	Al_soil	Cu_soil	Zn_soil	S_soil	Pb_soil	Co_soil	Cd_soil	Mo_soil
afmin1021a	afmin	afmin1021a	sed	410.3	12.41	29.29	2.91	1.32	12.72	579	2	87.79	20.62	6.77	38.29	4.75	11.33	2344	0.9	150	0.1	0.9	1021a	6.52	5.88	55.31	4.42	4924	3515	5183	11789	244	66.4	25473	188	105	54587	17.4	77.2	505	20	23	1	4
afmin1023m	afmin	afmin1022	sed	399.2	14.24	41.52	2.71	2.12	13.24	736	689	128.82	26.05	7.27	62.52	6.77	18.77	2587	0.9	195	0.1	0.9	1023m	6.56	5.98	49.7	3.9	5911	3838	5562	8579	233	69.3	28377	240	106	49998	28.4	76	518	20	20.7	1	4
cal1001	cal	cal1001	sed	386.6	11.67	47.45	2.63	4.39	15.55	660	511	31.39	39.48	0.35	8.08	1.33	2.45	2233	0.9	0.14	0.1	0.9	1001	7.57	7.21	354.23	25.7	71934	4699	742	570	2103	157	5734	706	19.8	4249	11.5	10.3	2435	20	3.44	1.2	4
cal1002	cal	cal1003	sed	418	11.14	32.68	1.96	3.74	7.6	483	154	21.97	19.12	0.27	3.4	2.19	3.26	2496	0.9	0.14	0.1	0.9	1003	7.63	7.3	363.98	26.8	63523	4204	552	439	2132	129	5148	372	13.8	3977	10.7	10	2454	20	3.44	1	4
cal1003	cal	cal1003	sed	415	12.54	20.47	2.73	1.77	11.37	774	161	18.7	18.89	0.35	4.38	1.19	5.33	2260	0.9	0.14	0.1	0.9	1003	7.63	7.3	363.98	26.8	63523	4204	552	439	2132	129	5148	372	13.8	3977	10.7	10	2454	20	3.44	1	4
cal1004	cal	cal1005	sed	398.2	13.94	33.74	3.52	1.44	11.26	689	102	26.58	34.89	0.36	4.35	1.23	3.79	2719	0.9	0.14	0.1	0.9	1005	7.78	7.4	203.91	14.9	140436	21532	831	529	4286	1366	38304	1401	932	15646	7.25	36.6	1562	20	56.2	1	4
cal1005	cal	cal1005	sed	398	11.98	27.64	2.85	3.18	20.05	793	148	21.54	27.13	1.86	3.99	1.63	4.06	1969	0.9	0.14	0.1	0.9	1005	7.78	7.4	203.91	14.9	140436	21532	831	529	4286	1366	38304	1401	932	15646	7.25	36.6	1562	20	56.2	1	4
cal1006	cal	cal1006	sed	417.7	10.99	29.42	2.79	0.82	11.03	672	195	24.82	13.86	2.86	4.28	2.92	5.55	2191	0.9	0.14	0.1	0.9	1006	7.49	6.95	177.44	14.23	66506	21338	865	763	2433	2376	84861	649	2278	10508	15	70.2	1940	64	117	3.53	4
cal1008	cal	cal1007	sed	409.2	10.83	32.36	2.82	1.28	11.99	641	293	26.54	20.98	0.33	5.08	1.48	3.72	1555	0.9	0.14	0.1	0.9	1008	7.07	6.66	370.21	28.92	49696	3977	505	581	2220	168	7108	575	14.7	5692	6.48	10	2373	20	3.44	1.72	4
cfpus1128	cfpus	cfpus1128	sed	432.2	14.69	17.66	1.88	3.37	9.61	902	838	71.81	22.06	7.34	73.58	6.25	9.31	2696	0.9	0.14	0.1	0.3	1128	7.01	6.05	67.01	4.4	16827	8007	4578	934	352	202	70905	4652	103	62573	87.3	48.8	676	14.3	209	3	5
cfpus1134	cfpus	cfpus1134	sed	433.5	11.19	22.54	2.4	2.37	8.56	690	0.55	43	41.83	6.11	5	6.02	9.09	2224	0.9	0.43	0.1	1	1134	6.99	5.88	45.74	3.65	12909	8147	2924	800	329	252	83194	7921	131	62126	88.8	58.8	483	5	361	3	5
cfpus1136	cfpus	cfpus1136	sed	430.9	11.12	31.93	2.04	3.65	5.98	450	845	56.62	268.1	12.08	5	5.43	5.31	1796	0.9	0.43	0.1	1	1136	6.29	5.22	51.48	3.5	10194	7685	2100	508	217	207	78077	12462	206	64757	104	50.9	513	5	327	3	5
cfpus1137	cfpus	cfpus1136	sed	423.2	10.02	33.19	2.85	2.08	8.04	552	0.55	49.63	170.22	13.21	5	5.02	6.11	2886	0.9	0.43	0.1	1	1136	6.29	5.22	51.48	3.5	10194	7685	2100	508	217	207	78077	12462	206	64757	104	50.9	513	5	327	3	5
cfpus1138	cfpus	cfpus1139	sed	434.2	12.14	20.49	2.47	1.06	10.79	567	0.55	32.29	204.94	12.82	5	3.18	4.61	1634	0.9	0.43	0.1	1	1139	7.06	6.18	75.23	5.16	14755	7483	1813	832	358	200	73576	12744	226	60020	101	70.5	621	20.1	289	3	5
cfpus1139	cfpus	cfpus1139	sed	439.8	10.79	25.64	1.4	1.94	7.86	510	732	48.5	147.02	7.42	5	3.8	4.36	2254	0.9	0.43	0.1	1	1139	7.06	6.18	75.23	5.16	14755	7483	1813	832	358	200	73576	12744	226	60020	101	70.5	621	20.1	289	3	5
cfpus1140	cfpus	cfpus1140	sed	429.4	10.15	32.15	2.75	3.23	3.12	495	1	34.94	427.33	20.89	5	5.32	6.91	2357	0.9	363	0.1	4	1140	6.61	5.49	59.8	3.23	12151	6723	3181	517	246	202	76597	14383	179	58311	97.7	57.3	525	5	380	3	5
che1126	che	che1126	sed	459.1	11.68	16.55	2.47	0.18	7.32	702	322	34.93	25.38	2.02	15.63	4.35	10.56	1717	0.9	0.14	0.1	0.3	1126	6.92	6.07	60.14	4.03	15926	8275	3139	698	300	782	88372	8480	425	62799	90	64.8	1031	5	293	3	5
che1127	che	che1127	sed	449.6	10.84	16.08	3.05	0.08	6.65	679	831	31.26	27.92	2.06	12.59	4.16	10.94	1878	0.9	0.14	0.1	0.3	1127	6.68	5.68	44.16	3.04	14005	7893	4422	621	240	207	74929	5703	170	64633	90.1	62.8	510	5	287	3	5
che1129	che	che1127	sed	443.6	11.91	14.21	2.57	0.14	14.51	779	0.55	39.89	21.57	3.4	5	4.57	11.69	1777	0.9	0.43	0.1	1	1127	6.68	5.68	44.16	3.04	14005	7893	4422	621	240	207	74929	5703	170	64633	90.1	62.8	510	5	287	3	5
che1130	che	che1130	sed	454.2	10.94	14.06	2.71	0.52	13.24	780	599	34.09	18.68	2.14	4.43	5.36	8.86	1761	0.9	0.43	0.1	1	1130	7.07	5.96	37.84	2.98	14082	9362	3587	959	296	216	78290	5532	121	67869	94	46.8	555	5	272	3	5
che1131	che	che1131	sed	444.2	14.19	17.14	2.35	0.07	17.7	782	0.55	35.71	29.33	2.95	5	4.74	10.19	2008	0.9	0.43	0.1	1	1131	7.13	6.14	69.77	4.41	17199	7025	4529	1063	324	204	71867	9678	152	53601	76	81.1	822	5	351	3	5
ctpar1098	ctpar	ctpar1098	sed	429.6	10.93	14.32	2.09	4.28	9.18	792	346	37.85	13.69	2.33	19.01	5.71	6.05	1598	0.9	0.14	0.1	0.3	1098	7.29	5.88	24.85	1.63	39866	19506	15818	1716	249	370	72604	2491	128	74097	95.7	90.1	212	5	103	3	5
ctpar1099	ctpar	ctpar1099	sed	415.1	14.45	16.73	2.54	3.93	9.85	708	520	59.21	13.63	4.8	27.73	5.33	7.07	1891	0.9	0.14	0.1	0.3	1099	7.25	5.89	17.38	1.19	45925	24559	13191	2417	326	319	84563	2727	121	64931	96.4	106	181	5	112	3	5
ctpar1100	ctpar	ctpar1100	sed	410.6	13.7	26.04	2.11	2.91	13.56	1047	1	106.49	16.97	6.41	68.85	6.01	7.51	1621	0.9	0.14	0.1	0.3	1100	6.94	5.68	32.19	2.28	35058	18889	12580	1723	342	258	76096	2494	105	68749	104	79.9	257	5	104	3	5
ctpar1101	ctpar	ctpar1101	sed	407.2	15.75	11.25	2.19	3.76	21.08	1526	1	137.71	17.24	8.43	90.99	6.11	9.57	2095	0.9	0.14	0.1	0.3	1101	7.88	6.86	26.76	1.79	42375	22695	11887	1919	303	357	82267	2565	144	63145	101	97	248	5	110	3	5
ctpar1102	ctpar	ctpar1102	sed	420	13.98	14.5	2.55	2.64	13.3	931	1	90.04	20.3	4.35	53.96	4.8	8.12	1628	0.9	0.14	0.1	0.3	1102	6.95	5.78	41.06	3.1	35865	18641	12074	1767	369	320	76022	2384	105	66008	101	95.2	411	5	102	3	5
ctpar1103	ctpar	ctpar1102	sed	422.7	11.91	26.48	2.06	4.7	5	580	485	31.21	19.55	1.81	8	4.41	5.12	2248	0.9	0.14	0.1	0.3	1102	6.95	5.78	41.06	3.1	35865	18641	12074	1767	369	320	76022	2384	105	66008	101	95.2	411	5	102	3	5
eru1105	eru	eru1105	ult	440	10.9	20.6	2.53	0.15	8.24	450	185	26.11	21.2	15.79	4	2.64	9.96	1344	0.9	0.14	0.1	0.3	1105	7.51	6.47	35.43	2.59	1625	129852	95.5	286	77.2	3611	76176	1361	3717	2787	6	64.8	220	12.5	245	3	5
eru1106	eru	eru1106	ult	441.9	10.27	17.57	2.04	0.29	7.45	476	345	34.9	26.52	15.64	8	2.55	12.01	1373	0.9	0.14	0.1	0.3	1106	7.43	6.43	25.38	1.98	1182	153464	76.8	309	106	3164	73799	1379	3278	2460	6	56.3	189	5	234	3	5
eru1107	eru	eru1107	ult	443.5	10.51	22.69	2.48	0.22	8.09	388	773	36.5	29.71	17.63	8	2.14	6.76	1269	0.9	0.14	0.1	3	1107	7.06	6.26	56.28	3.45	2038	136991	94.3	229	87.4	1885	60303	1123	3355	2455	6	46.6	338	5	190	3	5
eru1108	eru	eru1105	ult	436.2	11.16	23.47	2.54	0.32	8.57	418	217	32.94	22.45	9.35	4	2.58	8.59	1594	0.9	0.14	0.1	766	1105	7.51	6.47	35.43	2.59	1625	129852	95.5	286	77.2	3611	76176	1361	3717	2787	6	64.8	220	12.5	245	3	5
eru1109	eru	eru1109	ult	435.4	8.98	20.62	2.04	0.19	8.88	378	709	32.05	21.06	15.23	9	1.47	6.31	1726	0.9	0.14	0.1	377	1109	6.43	5.82	245.44	14.28	7374	46694	311	421	295	1848	47043	1047	2106	1860	6	59.2	1382	40	160	3	5.69
eru1110	eru	eru1107	ult	449.3	10.1	16.3	2.97	0.32	6.59	326	265	38.77	29.91	9.83	8.37	2.24	6.05	1237	0.9	0.14	0.1	0.3	1107	7.06	6.26	56.28	3.45	2038	136991	94.3	229	87.4	1885	60303	1123	3355	2455	6	46.6	338	5	190	3	5
eru1111	eru	eru1105	ult	445.2	11.48	11.29	2.92	0.16	12.48	357	413	26.97	20.75	10.07	4	2.38	5.34	1514	0.9	0.14	0.1	0.3	1105	7.51	6.47	35.43	2.59	1625	129852	95.5	286	77.2	3611	76176	1361	3717	2787	6	64.8	220	12.5	245	3	5
eru1112	eru	eru1106	ult	445.9	11.12	12.47	3.37	0.2	7.47	295	392	24.87	24.58	8.59	4	1.71	7.37	1255	0.9	0.14	0.1	463	1106	7.43	6.43	25.38	1.98	1182	153464	76.8	309	106	3164	73799	1379	3278	2460	6	56.3	189	5	234	3	5
fla1042	fla	fla1042	sed	399.8	10.18	26.19	2.56	1.34	15.49	486	1	196.74	202.04	8.29	153.98	3.75	15.41	2714	0.9	655	0.1	0.9	1042	5.17	4.39	80.67	5.21	2610	3931	479	6066	667	57.7	51475	393	40.1	84849	26.4	65.9	678	20	19.3	1	4
fla1043	fla	fla1043	sed	393.2	9.45	25.63	3.17	0.83	10.99	415	707	43.83	428.68	6.92	43.74	2.59	5.67	2642	0.9	0.14	0.1	0.9	1043	5.15	4.36	77.49	4.85	1224	3738	447	6571	633	49.3	55840	309	31.5	90401	27.4	54.7	668	20	19.7	1.19	4
fla1045	fla	fla1045	sed	396.6	9.71	18.77	2.76	1.94	13.89	797	357	26.12	236.57	10.4	40.1	2.91	8.09	2338	0.9	0.14	0.1	0.9	1045	4.06	3.35	85.81	5.73	654	3338	421	4570	766	49.7	64633	308	19.6	95187	35.8	67.3	853	23.2	21.6	1	4
fla1048	fla	fla1044	sed	395.3	8.45	33.96	2.6	1.04	7.76	430	1	224.63	576.55	4.45	208.24	5.03	12.33	2455	0.9	860	0.1	0.9	1045	5.36	4.72	300.22	11.75	6221	2298	430	1581	813	27.6	21011	713	29.4	46780	17.7	43.1	911	20	11.8	1	4
fla1054	fla	fla1054	sed	410.8	7.95	17.7	2.2	0.31	12.82	551	349	40.46	463.71	8.11	31.2	3.05	8.16	2515	0.9	0.14	0.1	0.9	1054	4.47	3.46	77.5	4.92	1847	3269	789	1857	488	36	45513	299	13.4	71123	21.6	46	621	20	16.6	1	4
fla1055	fla	fla1055	sed	407.4	7.12	16.57	3.45	0.42	10.78	496	566	29.3	531.89	8.63	27.66	3.45	6.79	1995	0.9	0.14	0.1	0.9	1055	3.97	3.14	80.12	4.48	923	2817	594	1632	425	44.6	45608	244	18.9	68076	19.8	54.9	591	20	17.5	1	4
fla1082	fla	fla1082	sed	418.8	10.68	16.53	2.61	1.79	9.35	626	232	99.83	624.7	17.33	59.54	3.45	15.96	1801	0.9	297	0.1	0.9	1082	4.58	3.49	41.88	3.23	1570	6081	6117	19343	468	74.9	42048	255	28.4	104023	29	67.7	385	5	23.1	3	5
fla1083	fla	fla1083	sed	413	9.45	19.78	4.29	0.44	10.99	470	224	58.3	365.7	4.03	68.75	3.87	15.75	2218	0.9	0.14	0.1	2	1083	4.51	3.5	59.43	4.33	559	3186	3615	7444	374	442	27610	110	175	59477	18.5	31.1	498	11.4	14.7	3	5
fla1085	fla	fla1085	sed	425.2	11.74	8.93	2.36	1.26	12.11	535	256	231.62	559.7	6.03	43.55	3.61	11.15	1632	0.9	0.14	0.1	0.9	1085	4.63	3.61	63.78	4.32	1042	3877	4735	10520	519	47.3	32123	163	25.1	73017	22.1	37.9	511	10.5	15.5	3	5
fla1086	fla	fla1082	sed	409.8	11.52	23.51	4.42	0.38	10.55	502	180	349.55	573.1	6.66	86.89	3.5	19.46	1632	0.9	140	0.1	0.9	1082	4.58	3.49	41.88	3.23	1570	6081	6117	19343	468	74.9	42048	255	28.4	104023	29	67.7	385	5	23.1	3	5
gla1150	gla	gla1153	sed	409.2	8.4	41	2.4	0.56	9.61	316	8	394.91	29.49	21.48	73.34	3.27	6.14	1910	0.9	724	0.1	1	1153	6.59	6.12	307.67	15.47	25796	26744	900	582	316	2469	44211	1272	1445	7841	17.6	67.7	1309	5	91.5	3	5
gla1151	gla	gla1155	sed	419.9	8.38	38.7	2.45	1.33	12.3	309	6	350.92	39.1	33.1	67.69	4.53	6.19	3011	0.9	725	0.1	1	1155	6.87	6.43	289.31	12.88	33661	24925	937	586	249	2393	45356	1146	1695	8575	21.1	48.3	1120	7.22	102	3	5
gla1153	gla	gla1153	sed	412.8	9.87	32.22	2.06	0.24	14.25	302	8	500.58	35.48	30.02	108.92	2.39	5.91	2582	0.9	807	0.1	992	1153	6.59	6.12	307.67	15.47	25796	26744	900	582	316	2469	44211	1272	1445	7841	17.6	67.7	1309	5	91.5	3	5
gla1155	gla	gla1155	sed	442.1	8.01	22.82	2.07	0.18	6.73	253	5	286.61	58.99	21.51	45.15	2.22	6.99	1715	0.9	569	0.1	1	1155	6.87	6.43	289.31	12.88	33661	24925	937	586	249	2393	45356	1146	1695	8575	21.1	48.3	1120	7.22	102	3	5
gla1156	gla	gla1155	sed	438.8	9.46	22.82	2.38	0.25	11.12	286	10	633.83	136.91	40.22	127.71	1.41	5.93	2075	0.9	966	0.1	1	1155	6.87	6.43	289.31	12.88	33661	24925	937	586	249	2393	45356	1146	1695	8575	21.1	48.3	1120	7.22	102	3	5
gla1171	gla	gla1176	ult	407.6	7.9	29.91	4.21	1.39	12	279	1	69.88	15.5	14.55	9.74	2.6	4.86	1957	0.9	0.5	0.1	0.62	1176	7.12	6.63	40.92	2.51	954	26838	142	108	109	16272	377433	4518	8045	22003	31.8	246	522	45.8	653	3	5
gla1172	gla	gla1172	ult	418.4	8.78	18.12	4.69	1.87	9.86	303	3	157.81	24.31	24.63	16.41	5.8	4.57	2049	0.9	566	0.1	0.62	1172	7.15	6.58	21.85	1.09	925	24026	124	99.5	110	16593	394828	5210	9454	21815	31.9	258	302	55.9	737	3	5
gla1173	gla	gla1173	ult	398.7	10.12	48.17	4.3	1.51	6.51	310	2	145.3	125.48	84.8	5.98	5.43	5.2	1747	0.9	529	0.1	0.62	1173	6.62	6.21	44.1	2.81	1661	16323	125	125	99	18297	389849	5997	7962	21667	30.8	252	641	68.7	847	3	5
gla1175	gla	gla1175	ult	414.6	8.86	36.65	3.2	2.34	4.83	239	1	68.44	59.67	55.33	5	4.77	4.17	1104	0.9	0.5	0.14	0.62	1175	6.43	6.01	59.6	2.74	3073	8578	97.8	177	80.4	11188	368744	6098	10824	15152	41.7	233	419	61.8	823	3	5
gla1176	gla	gla1176	ult	420.3	8	29.53	2.29	1.46	7.99	325	716	51.08	32.72	27.91	8.28	7.1	5.6	1127	0.9	0.5	0.14	0.62	1176	7.12	6.63	40.92	2.51	954	26838	142	108	109	16272	377433	4518	8045	22003	31.8	246	522	45.8	653	3	5
heq1023h	heq	heq1023h	ult	439.9	9.3	18.49	4.31	0.06	8	381	686	35.19	26.23	93.5	5.48	10.15	7.57	1417	0.9	0.14	0.1	0.9	1023h	6.61	5.95	161.03	9.64	11907	28733	1660	813	260	7220	90434	3425	3002	14634	9.39	108	820	20	407	1.12	4
heq1024	heq	heq1024	ult	442.7	10.76	12.78	3.58	0.15	10.87	494	1	51.97	51.21	56.51	10.98	4.98	7.45	1504	0.9	171	0.1	0.9	1024	5.86	5.09	113.95	7.2	5250	30498	1118	1275	230	12582	127255	2416	3480	16467	4.84	139	563	20	477	1	4
heq1025	heq	heq1025	ult	445.7	10.02	17.9	3.4	0.11	7.54	423	1	45.48	31.09	57.82	8.13	5.3	5.01	1211	0.9	0.14	0.1	0.9	1025	6.54	5.62	63.84	4.19	1673	46916	469	611	130	10941	141805	3984	4804	14711	1	129	359	20	566	1	4
heq1026	heq	heq1026	ult	444.4	10.66	13.11	2.46	0.07	10.94	400	839	38.31	19.02	48.74	7.03	4.42	6.03	1295	0.9	0.14	0.1	0.9	1026	6.55	5.82	127.17	8.06	5963	42227	1636	649	234	17583	106914	2298	3820	15963	12.3	115	719	20	342	1	4
heq1027	heq	heq1027	ult	447.4	10.76	7.94	2.66	0.3	14.11	461	286	24.82	30.9	22.71	4.18	2.89	6.6	937	0.9	0.14	0.1	0.9	1027	6.61	5.82	92.05	5.83	5069	44318	885	1014	198	12091	125317	3234	4024	15421	18.9	137	500	20	491	1	4
imp1119	imp	imp1119	sed	420.6	12.85	44.09	2.19	0.35	9.4	635	323	43.96	24.41	6	17.14	1.41	6.19	1588	0.9	167	0.1	1	1119	7.66	7.2	200.13	17.95	37728	19368	5161	2722	1557	2346	35557	1139	380	21628	13.3	52.4	1490	45.4	49	3	5
imp1120	imp	imp1120	sed	420	14.28	26.54	2.55	0.22	13.11	707	446	34.06	14.36	2.24	10.93	1.19	6.95	1447	0.9	0.14	0.1	678	1120	7.41	6.98	97.01	7.83	25657	31973	6462	2772	834	3740	49421	888	458	25467	9.98	54.9	1456	6.76	56.3	3	5
imp1121	imp	imp1121	sed	421.7	12.35	17.65	2.37	1.67	17.45	821	3	136.17	12.2	6.45	108.1	2.01	4.91	1549	0.9	140	0.1	568	1121	6.86	6.41	185.1	13.5	25429	23135	5365	3292	938	1459	32717	715	343	20795	13.6	41.2	1298	5	40	3	5
imp1122	imp	imp1122	sed	431.8	13.82	16	2.41	0.79	11.29	811	670	70.87	13.69	4.59	32.97	1.78	8.11	1713	0.9	0.14	0.1	502	1122	7.14	6.7	160.14	12.08	29206	23476	5369	2665	913	1615	32575	689	331	20776	14.4	32	1321	6.44	37.9	3	5
imp1123	imp	imp1123	sed	405	13.97	15.56	2.1	0.65	15.78	1095	2	62.82	13.31	5.27	47.55	1.95	9.68	2340	0.9	0.14	0.1	324	1123	7.48	7.07	107.01	8.75	29044	30596	6318	2805	751	2067	38656	737	411	23256	10.3	40.9	1038	13.7	45.4	3	5
lab1033	lab	lab1033	sed	433.4	11.49	16.29	2.63	0.57	10.53	891	518	43.29	7.73	9.65	22.1	3.48	6.52	2136	0.9	0.14	0.1	0.9	1033	6.25	5.25	26.43	2.08	13703	20982	9517	6367	349	2976	75825	2094	856	57491	47.8	74.6	282	20	122	1	4
lab1034	lab	lab1034	sed	431.6	10.81	15.71	2.39	0.44	14.22	1129	827	50.84	12.58	6.68	21.45	4.38	9.47	1845	0.9	0.14	0.1	0.9	1034	6.33	4.92	15.46	1.35	13325	20001	9276	6022	261	3126	73258	2965	600	59343	53.8	112	236	23.5	98.3	1	4
lab1035	lab	lab1034	sed	448.3	12.77	14.82	2.68	0.65	11.55	841	608	58.81	11.98	13.73	34.8	4.36	7.08	2057	0.9	0.14	0.1	3	1034	6.33	4.92	15.46	1.35	13325	20001	9276	6022	261	3126	73258	2965	600	59343	53.8	112	236	23.5	98.3	1	4
lab1036	lab	lab1036	sed	435.5	12.7	10.59	2.75	0.98	15.62	1060	1	53.59	16.1	14.62	29.08	4.95	8.02	1925	0.9	0.14	0.1	927	1036	6.46	5.02	10.5	0.83	15090	22462	8739	6362	289	2344	73639	1547	596	53462	45.4	92.5	229	20	82.6	1	4
lab1063	lab	lab1063	sed	440.5	13.04	11.11	2.17	0.49	12.28	1105	2	87.14	26.9	5.87	52.21	4.75	10.84	2257	0.9	281	0.1	0.9	1063	4.46	3.18	7.89	1.21	4807	7839	7824	25931	312	219	45620	284	39.6	89932	21.8	72.5	142	20	21.3	1	4
lab1064	lab	lab1063	sed	423.8	13.06	12.05	2.21	0.44	17.29	1402	486	69.49	30.44	7.36	12.99	3.12	8.13	2254	0.9	0.14	0.1	0.9	1063	4.46	3.18	7.89	1.21	4807	7839	7824	25931	312	219	45620	284	39.6	89932	21.8	72.5	142	20	21.3	1	4
lab1065	lab	lab1065	sed	418.1	14	3.34	1.66	0.31	17.44	1581	84	29.57	14.32	6.87	7.79	5.31	14.97	1973	0.9	0.14	0.1	0.9	1065	5.36	3.95	7.6	0.52	3900	8536	6037	5365	273	156	27780	316	70.8	39592	19.1	49.5	109	5	18.6	3	5
lab1066	lab	lab1065	sed	449.7	11.78	8.94	1.88	0.85	7.71	815	138	40.12	29.37	12.42	29.3	5.52	8.8	1886	0.9	375	0.1	0.9	1065	5.36	3.95	7.6	0.52	3900	8536	6037	5365	273	156	27780	316	70.8	39592	19.1	49.5	109	5	18.6	3	5
lab1067	lab	lab1065	sed	443.6	11.24	21.58	1.92	2.12	6.3	678	920	141.63	55.74	14.36	83.38	8.04	9.33	1947	0.9	277	0.1	0.9	1065	5.36	3.95	7.6	0.52	3900	8536	6037	5365	273	156	27780	316	70.8	39592	19.1	49.5	109	5	18.6	3	5
lab1068	lab	lab1063	sed	443.2	10.15	17.59	2.91	0.75	6.31	683	476	76.44	76.06	14.36	50.59	3.94	8.14	2100	0.9	260	0.1	0.9	1063	4.46	3.18	7.89	1.21	4807	7839	7824	25931	312	219	45620	284	39.6	89932	21.8	72.5	142	20	21.3	1	4
min1093	min	min1093	sed	418.6	13.96	21.77	2.62	11.05	3.75	602	476	40.56	59.26	5.05	33.64	3.53	6.95	2685	0.9	259	0.1	0.9	1093	5.81	5.15	123.08	11	19506	9590	6359	1480	698	263	68387	4294	107	53612	81	64.8	830	5	107	3	5
min1094	min	min1094	sed	412.9	13.23	22.86	2.89	8.04	4.18	710	1	45.42	78.21	4.87	19.1	4.81	8.9	2112	0.9	163	0.1	0.9	1094	6.19	5.2	49.45	4.66	7956	8166	3959	761	523	303	83433	9921	147	61456	88	88.8	470	8.53	309	3	5
min1095	min	min1095	sed	410.1	12.68	28.32	2.58	8.15	4.91	726	747	43.96	76.04	5.55	29.24	4.9	12.75	2490	0.9	0.14	0.1	0.9	1095	6.03	5.3	56.56	5	8960	9210	5290	842	618	294	84243	6959	142	64918	85	89.8	468	11.1	180	3	5
min1096	min	min1096	sed	404.8	12.33	22.9	3.03	8.96	3.81	766	621	49.5	87.11	6.64	24.19	3.86	7.08	3794	0.9	0.14	0.1	0.3	1096	6.01	5.3	140.66	9.79	11569	8551	4587	813	638	196	61461	3677	89.5	49368	68.6	68.2	758	5	109	3	5
min1097	min	min1097	sed	408	14.54	22.75	2.56	10.83	3.36	737	607	41.64	34.81	4.8	12.67	5.12	10.04	3489	0.9	0.14	0.1	0.3	1097	6.23	5.28	65.35	5.98	11659	9282	5778	1345	625	294	80372	6079	150	62244	88.9	101	622	5	194	3	5
min1125	min	min1125	sed	412.5	12.74	19.12	2.41	3.95	11.5	789	601	36.5	40.83	3.51	24.36	4.81	9.7	2607	0.9	0.14	0.1	0.3	1125	6.67	5.83	78.83	6.27	14852	7186	2237	931	412	204	73210	8161	133	57134	90.4	67	1255	51.7	288	3	5
min1132	min	min1133	sed	410.9	13.68	30.5	2.71	2.09	11.47	717	0.55	32.38	44.56	5.52	5	4.91	7.42	3214	0.9	0.43	0.1	1	1133	7.05	5.91	44.2	3.52	16576	8870	5184	1103	302	236	77118	8504	131	62589	84.1	85.1	533	5.55	344	3	5
min1133	min	min1133	sed	420.9	13.32	26.82	2.4	3.19	7.91	721	0.55	29.52	38.9	3.5	34.78	6.56	7.36	2222	0.9	0.43	0.1	1	1133	7.05	5.91	44.2	3.52	16576	8870	5184	1103	302	236	77118	8504	131	62589	84.1	85.1	533	5.55	344	3	5
pan1146	pan	pan1146	ult	429.6	8.99	25.02	3.73	1.93	7	286	27	1970.1	41.3	72.67	412.34	7.19	6.76	2229	0.9	3	0.1	1	1146	6.59	5.84	76.26	4.42	17467	96761	2308	678	124	3645	101987	1613	3197	22273	19.6	62.6	477	9.89	190	3	5
pan1147	pan	pan1146	sed	423.7	7.85	38.07	2.72	1.75	7.69	294	31	1956.9	47.95	90.79	476.13	9.71	11.56	3033	0.9	3	0.1	1	1146	6.59	5.84	76.26	4.42	17467	96761	2308	678	124	3645	101987	1613	3197	22273	19.6	62.6	477	9.89	190	3	5
pan1148	pan	pan1146	sed	436.1	8.26	33.65	1.62	0.95	8.83	290	9	556.18	39.38	29.81	121.02	4.32	8.64	2367	0.9	891	0.1	1	1146	6.59	5.84	76.26	4.42	17467	96761	2308	678	124	3645	101987	1613	3197	22273	19.6	62.6	477	9.89	190	3	5
pan1149	pan	pan1149	sed	423.3	8.49	27.67	2	1.58	11.2	309	18	915.6	39.27	33.23	199.82	4.71	10.17	2277	0.9	2	0.1	1	1149	7.09	6.68	314.2	13.91	39577	18686	883	650	246	1542	32344	754	1108	6837	21.4	37.6	1057	5	63.7	3	5
pan1154	pan	pan1149	sed	423.6	8.27	35.13	1.87	1.6	9.64	376	9	563.93	27.46	25.79	110	4.65	5.66	2329	0.9	1	0.1	1	1149	7.09	6.68	314.2	13.91	39577	18686	883	650	246	1542	32344	754	1108	6837	21.4	37.6	1057	5	63.7	3	5
pan1177	pan	pan1177	sed	431.5	10.33	17.79	4.08	2.9	7.27	520	714	55.31	110.44	10.04	23.84	3.82	8.41	2352	0.9	0.5	0.14	0.62	1177	5.51	4.9	73.22	6.43	3839	1817	504	2456	890	63.7	17411	547	94.9	28655	37.3	63.7	933	8.04	17.7	3	5
pan1178	pan	pan1177	sed	431.4	15.7	9.5	2.74	2.53	19.1	719	2	104.09	53.91	14.6	65.15	5.04	7.31	1878	0.9	0.5	0.14	0.62	1177	5.51	4.9	73.22	6.43	3839	1817	504	2456	890	63.7	17411	547	94.9	28655	37.3	63.7	933	8.04	17.7	3	5
pan1179	pan	pan1179	sed	437.3	11.47	17.77	3.27	2.15	6.52	550	997	55.81	164.81	18.38	38.03	4.18	9.41	1894	0.9	0.5	0.14	0.62	1179	5.46	4.91	70.41	6.13	3303	1821	522	2431	816	66.4	16519	531	108	25200	33.3	58.7	810	5	14.1	3	5
pan1180	pan	pan1180	sed	436	12.19	16.23	1.78	0.64	15.74	693	486	55.49	60.65	6.76	27.65	5.05	9.11	1625	0.9	0.5	0.14	0.62	1180	6.42	5.91	98.58	8.17	6829	2639	569	2620	846	81.9	14254	623	116	22833	25.6	72.5	889	5	13	3	5
pan1181	pan	pan1181	sed	426.2	11.53	15.92	2.73	2.8	12.62	620	813	61.31	103.33	12.44	50.03	3.85	8.63	2474	0.9	0.5	0.14	0.62	1181	5.98	5.38	75.89	6.61	4210	2829	621	3580	891	124	20706	522	142	36083	25.9	63.9	1012	9.02	16.3	3	5
pan1183	pan	pan1183	sed	425.7	14.34	17.68	2.78	0.6	15.66	784	1	77.5	39.49	40.05	12.99	2.2	8.07	1449	0.9	0.5	0.14	0.62	1183	6.1	5.6	146.17	13.4	7760	4833	506	3183	880	366	26132	2080	1325	20936	28.7	94.5	1195	10.5	70.7	3	5
pus1113	pus	pus1113	sed	449.1	11.23	27.81	1.86	0.26	9.44	418	2	81.58	18.92	8.47	15.52	4.21	5.54	2057	0.9	0.14	0.1	1	1113	8.01	7.47	138.13	9	148098	16575	430	1402	325	6913	95457	2616	2120	13957	11.3	128	1370	13.1	215	3	5
pus1114	pus	pus1114	sed	450.4	11.63	20.62	1.27	0.06	12.54	309	662	45.18	19.79	7.09	6	5.71	5.42	1551	0.9	0.14	0.1	896	1114	7.98	7.43	151	7.82	171863	12270	369	1494	262	4656	79315	1946	2122	11932	9.51	79	1006	11	172	3	5
pus1115	pus	pus1118	sed	447.9	9.79	19.76	1.22	0.25	13.28	367	491	50.07	20.87	5.68	14.49	4.88	7.89	1784	0.9	0.14	0.1	294	1118	8.22	7.58	107.19	3.83	235960	11693	264	1215	200	5475	70945	1587	1414	12295	6.2	78.6	614	5	142	3	5
pus1116	pus	pus1113	sed	446.1	11.28	20.49	1.87	0.09	9.47	359	736	50.46	20.44	8.5	8	4.55	8.44	1907	0.9	0.14	0.1	742	1113	8.01	7.47	138.13	9	148098	16575	430	1402	325	6913	95457	2616	2120	13957	11.3	128	1370	13.1	215	3	5
pus1117	pus	pus1114	sed	431.6	13.03	22.32	1.84	0.51	13.75	438	293	30.54	14.36	7.13	4	4.31	6.83	1570	0.9	0.14	0.1	393	1114	7.98	7.43	151	7.82	171863	12270	369	1494	262	4656	79315	1946	2122	11932	9.51	79	1006	11	172	3	5
pus1118	pus	pus1118	sed	463.1	11.41	13.78	1.87	0.1	9.53	487	1	57.75	15.92	11.95	10.76	3.79	6.17	1757	0.9	0.14	0.1	4	1118	8.22	7.58	107.19	3.83	235960	11693	264	1215	200	5475	70945	1587	1414	12295	6.2	78.6	614	5	142	3	5
rev1069	rev	rev1069	ult	436.3	8.43	18.71	2.25	0.1	8.19	447	1	44.65	23.84	19.8	17.8	5.72	8.85	1431	0.9	0.14	0.1	0.9	1069	6.82	5.77	37.19	2.15	11210	71693	771	279	53.5	36530	127670	3690	3520	20886	6	107	237	8	444	3	5
rev1070	rev	rev1070	ult	444.5	8.79	15.7	1.52	0.15	9.24	318	786	38.28	22.92	81.32	8.62	8.18	7.98	1035	0.9	0.14	0.1	0.9	1070	6.87	5.75	64.26	3.97	13409	64625	1356	464	96.8	16531	130334	4522	4594	19723	6.24	47.2	376	9.75	514	3	5
rev1071	rev	rev1071	ult	431.1	8.79	23.01	1.8	0.05	11.3	382	1	28.55	19.42	17.11	6.61	3.61	6.36	1335	0.9	0.14	0.1	3	1071	7	5.97	57.98	3.27	14714	63452	1404	603	88	21212	117808	3779	3743	19705	7.38	110	778	9.96	441	3	5
rev1072	rev	rev1072	ult	447.1	7.94	14.32	1.73	0.59	6.21	349	558	21.29	20.84	26.62	4.65	3.61	5.14	1144	0.9	0.14	0.1	0.9	1072	6.84	5.62	39.97	2.51	14025	62002	1457	434	78	26142	132569	4216	3762	21939	5.79	100	252	7	516	3	5
rev1073	rev	rev1073	ult	426.4	9.95	21.73	3.07	0.16	8.82	640	946	26.98	41.96	18.32	8.16	10.55	11.31	1361	0.9	0.14	0.1	0.9	1073	8.02	6.79	8.12	0.62	12301	87635	959	201	37.6	28449	150264	8013	3489	22874	6	166	150	10.3	761	3	5
ruf1157	ruf	ruf1157	ult	439	9.67	25.99	2.05	2.46	5.48	233	17	620.41	127.46	51.77	41.2	9.13	5.69	3333	0.9	2	0.1	1	1157	4.84	4.36	56.16	3.33	627	6571	96.7	75.6	166	34556	429740	2150	3312	33628	24.5	240	925	59.6	208	3	5
ruf1158	ruf	ruf1158	ult	448.2	10.11	16.65	1.55	2.39	8.73	261	7	267.22	72.09	57.41	18.56	4.76	4.64	2929	0.9	487	0.1	1	1158	4.79	4.22	50.88	3.02	426	6984	83.3	73	121	26848	400321	1769	2961	28529	12.1	246	1036	62.2	200	3	5
ruf1159	ruf	ruf1159	ult	433.2	10.72	28.24	2.37	1.65	6.55	248	8	311.08	119.67	103.07	21.03	3.74	5.61	2666	0.9	1	0.1	1	1159	5.02	4.58	127.51	8	2799	5189	222	133	159	34449	339004	3069	3631	24425	19	128	1211	38.4	242	3	5
ruf1160	ruf	ruf1158	ult	442.6	9.91	24.55	2.12	1.37	8.09	301	8	324.14	77.41	49.93	14.64	4.88	5.88	2927	0.9	555	0.1	1	1158	4.79	4.22	50.88	3.02	426	6984	83.3	73	121	26848	400321	1769	2961	28529	12.1	246	1036	62.2	200	3	5
ruf1161	ruf	ruf1159	ult	428	10.15	30.49	1.8	1.34	7.96	234	6	223.6	43.54	20.98	17.16	5.46	4.89	2676	0.9	0.43	0.1	1	1159	5.02	4.58	127.51	8	2799	5189	222	133	159	34449	339004	3069	3631	24425	19	128	1211	38.4	242	3	5
ruf1169	ruf	ruf1169	ult	437.4	9.05	19.75	3.76	1.14	6.35	327	13	718.55	28.75	49.71	49.3	4.87	4.7	3168	0.9	1	0.1	0.62	1169	6.86	6.32	35.12	2.3	1172	14760	80.5	91	100	13268	388985	4837	9450	19171	38.5	248	453	49.5	725	3	5
ruf1170	ruf	ruf1169	ult	409.8	8.45	29.54	2.74	4.67	16.59	331	10	583.63	34.28	29.93	38.14	6.31	4.05	3065	914	992	0.1	0.62	1169	6.86	6.32	35.12	2.3	1172	14760	80.5	91	100	13268	388985	4837	9450	19171	38.5	248	453	49.5	725	3	5
spn1184	spn	spn1184	ult	433.4	7.63	20.45	3.45	0.77	7.88	237	892	22.9	49.77	82.87	13.38	5.08	6.64	1440	0.9	0.5	0.14	0.62	1184	7.01	6.06	56.65	3.41	12427	68450	1006	643	51.8	11446	176635	4425	5082	20854	22.8	142	322	26.9	558	3	5
spn1186	spn	spn1186	ult	409.9	7.18	39.55	5.35	0.37	16.33	293	1	26.13	32.38	69.36	19.99	6.26	6.89	1563	0.9	0.5	0.14	0.62	1186	6.87	6.34	146.28	7.75	19272	49531	550	791	141	7405	149643	2431	4138	8512	6	119	725	11.5	361	3	5
spn1187	spn	spn1187	ult	434	7.96	20.84	3.82	1.86	12.87	363	610	33.63	27.94	63.2	5	7.64	5.25	1627	0.9	0.5	0.14	0.62	1187	6.83	5.9	25.69	2.36	7623	104174	580	378	68.2	10355	202668	3253	5878	13108	6	140	237	27	480	3	5
spn1188	spn	spn1188	ult	407.8	7.19	52.41	3.61	1.1	6.95	282	7	54.02	29.12	128.08	39.56	16.24	11.78	2561	0.9	1	0.14	0.62	1188	7.39	6.35	41.54	2.64	7748	110151	534	577	55.9	6415	144100	2380	4609	9475	7.79	92.7	284	17.2	326	3	5
spn1189	spn	spn1188	ult	414.6	7.49	33.74	2.96	5	8.21	357	2	31.29	37.47	39.06	20.43	13.94	12.62	1611	0.9	0.5	0.14	0.62	1188	7.39	6.35	41.54	2.64	7748	110151	534	577	55.9	6415	144100	2380	4609	9475	7.79	92.7	284	17.2	326	3	5
spn1191	spn	spn1191	ult	432.7	7.66	21.07	2.41	1.56	10.16	294	1	42.58	20.04	24.81	38	7.33	5.64	1660	0.9	0.5	0.14	0.62	1191	7.52	6.27	12.16	0.76	6631	136982	684	245	22.6	8811	104625	2154	4604	10451	8.26	107	102	9.01	294	3	5
trid1077	trid	trid1077	sed	377.2	12.44	59.56	1.84	1.58	12.16	685	778	48.73	53.33	5.01	26.1	4.8	6.18	3127	0.9	0.14	0.1	0.9	1077	7.35	7.03	111.33	8.7	16358	1996	723	1030	1069	50.7	17437	1652	74.4	23289	65.7	59.6	892	5	21.9	3	5
trid1078	trid	trid1078	sed	391.8	13.2	53.32	1.82	2.23	10.73	694	2	70.32	29.51	2.33	46.34	4.49	6.8	1939	0.9	0.14	0.1	0.9	1078	7.56	7.2	125.41	10.58	18223	2804	1092	1188	1272	65.6	17672	2576	71.7	23630	60.5	79.8	1096	5	26.1	3	5
trid1079	trid	trid1078	sed	381.5	13.23	68.87	2.57	2.04	8.15	636	259	42.54	43.96	1.54	26.92	3.62	8.53	2090	0.9	153	0.1	0.9	1078	7.56	7.2	125.41	10.58	18223	2804	1092	1188	1272	65.6	17672	2576	71.7	23630	60.5	79.8	1096	5	26.1	3	5
trid1080	trid	trid1080	sed	384.3	11.38	60.26	3.15	2.77	7.13	653	794	69.78	64.47	3.41	29.99	3.98	6.85	1855	0.9	0.14	0.1	0.9	1080	7.45	7.02	84.94	6.7	11121	2034	743	790	777	33.8	18711	1639	54.2	24711	65.8	26.9	704	5	23.6	3	5
trid1081	trid	trid1081	sed	411.1	11.85	39.65	1.87	3.48	8.88	905	1	96.48	72.51	2.43	52.63	8.67	13.91	1797	0.9	0.14	0.1	0.9	1081	5.83	5.21	18.08	1.51	1394	743	127	776	424	13.7	16694	872	18.9	13487	24.3	22	187	5	7.86	3	5
tris1057	tris	tris1057	sed	429.3	10.08	25.35	2.62	1.48	8.29	471	821	110.12	58.67	6.97	63.73	9	10.95	1946	0.9	145	0.1	0.9	1057	4.95	3.77	49.55	3.94	2065	4107	528	4173	602	39.2	56006	789	34.8	93336	35.9	72.8	571	20	24.9	1	4
tris1058	tris	tris1058	sed	429.2	8.78	26.52	1.62	1.72	9.09	431	567	120.92	95.87	4.74	35.7	4.57	11.5	2736	0.9	0.14	0.1	0.9	1058	4.45	3.45	64.72	4.21	1755	2739	248	2890	417	84.8	39536	352	45.2	68871	18.5	43.6	496	20	12.4	1	4
tris1059	tris	tris1058	sed	426.2	11.29	18.53	2.04	0.56	14.16	562	616	99.26	46.39	6.89	68.01	6.23	17.66	2355	0.9	0.14	0.1	0.9	1058	4.45	3.45	64.72	4.21	1755	2739	248	2890	417	84.8	39536	352	45.2	68871	18.5	43.6	496	20	12.4	1	4
tris1087	tris	tris1087	sed	426.6	10.69	19.95	1.74	0.31	16.96	448	399	22.72	1331.6	6.09	14.04	2.86	8.29	2654	0.9	0.14	0.1	0.9	1087	5.5	4.61	43	2.97	6428	32430	22724	2816	199	218	79416	746	105	79535	43	93.2	356	5	66	3	5
tris1089	tris	tris1089	sed	452.2	9.66	20.9	1.61	1.08	7.96	394	476	31.48	54.35	4.67	23	5.74	8.69	2106	0.9	0.14	0.1	0.9	1089	5.42	4.67	63.44	3.74	6232	29426	21214	365	224	228	77498	1449	93.4	73463	42.2	86.1	442	5	71.3	3	5
tris1090	tris	tris1089	sed	452.5	7.97	20.61	1.68	1.38	7.03	437	623	29.06	31.78	11.43	46.18	5.91	4.64	2143	0.9	0.14	0.1	0.9	1089	5.42	4.67	63.44	3.74	6232	29426	21214	365	224	228	77498	1449	93.4	73463	42.2	86.1	442	5	71.3	3	5
umb1162	umb	umb1163	ult	427.8	11.47	16.61	2.7	0.62	10.52	482	4	142.95	2430.5	88.96	7.36	1.44	8.39	2781	979	628	0.14	0.62	1163	4.58	4.09	59.57	3.02	629	5258	70.1	63.4	120	21291	405201	1373	2769	25596	11.2	213	1139	54	160	3	5
umb1163	umb	umb1163	ult	425.1	9.88	20.56	2.63	2.57	3.24	192	5	218.18	2682.3	190.65	18.08	1.94	5.4	3436	1	2	0.14	0.62	1163	4.58	4.09	59.57	3.02	629	5258	70.1	63.4	120	21291	405201	1373	2769	25596	11.2	213	1139	54	160	3	5
umb1165	umb	umb1165	ult	415.8	6.55	20.19	2.9	0.85	12.62	309	2	60.67	294.9	57.99	5	1.48	6.98	1164	0.9	0.5	0.14	0.62	1165	6.22	5.82	105.43	6.99	6014	8842	145	168	147	15748	353731	6406	7152	20019	14.1	242	795	56.3	737	3	5
umb1166	umb	umb1166	ult	424.7	8.53	19.2	2.36	1.42	9.15	241	2	71.66	257.6	54.91	5	1.06	4.81	1426	0.9	0.5	0.14	0.62	1166	6.13	5.71	102.2	7.13	4756	12059	148	151	162	15804	353973	5606	8019	21436	16	227	633	47.5	702	3	5
vei1015	vei	vei1015	sed	443.8	13.13	28.34	3.64	0.29	10.86	622	1	56.2	28.17	2.72	18.63	3.41	9.17	1829	0.9	0.14	0.1	0.9	1015	6.7	6.03	47.72	3.87	5975	5112	8555	12574	331	86.1	31055	610	144	57471	24	41.5	403	20	23.4	1	4
vei1016	vei	vei1016	sed	438.8	15.72	12.38	2.58	0.38	18.2	1213	500	41.2	19.66	5.42	14.38	4.44	11.3	1600	0.9	0.14	0.1	0.9	1016	6	5.36	47.46	3.86	4869	4699	8766	12726	254	156	33305	376	101	58276	21.9	46.5	460	20	23.6	1	4
vei1017	vei	vei1017	sed	445.8	16.48	22.03	2.99	0.2	14.55	1031	692	54.12	23.58	4.67	13.97	3.36	11.44	2115	0.9	0.14	0.1	0.9	1017	5.99	5.29	43.74	3.52	4747	4472	8276	12769	277	76.2	31189	414	107	58845	23.6	42.6	498	20	22.8	1	4
vei1018	vei	vei1015	sed	439.3	17.44	9.36	2.48	0.65	22.7	1425	688	48.6	14.84	6.27	16.92	3.88	13.45	1759	0.9	0.14	0.1	4	1015	6.7	6.03	47.72	3.87	5975	5112	8555	12574	331	86.1	31055	610	144	57471	24	41.5	403	20	23.4	1	4
vei1019	vei	vei1019	sed	441.8	15.53	16.25	2.79	0.28	16.23	920	807	44.43	31.33	4.39	18.87	3.73	12	1691	0.9	0.14	0.1	1	1019	6.62	5.87	43.45	3.62	4925	4499	7078	12149	243	68.9	29091	375	123	56651	21.9	50.4	504	20	20.1	1	4
vie1075	vie	vie1074	ult	448.8	7.62	12.79	4.51	0.06	7.93	290	301	29.27	125.38	34.33	8.83	2.14	7.92	1376	0.9	0.14	0.1	0.9	1075	7.7	6.48	9.42	0.71	7360	86158	620	149	24.4	37743	115659	3236	2609	22570	6	210	119	16.6	357	3	5
vie1076	vie	vie1074	ult	461	9.28	10.43	3.24	0.1	5.15	343	578	29.85	142.28	51.91	7.31	4.53	5.57	1499	0.9	0.14	0.1	0.9	1075	7.7	6.48	9.42	0.71	7360	86158	620	149	24.4	37743	115659	3236	2609	22570	6	210	119	16.6	357	3	5
vie1152	vie	pan1146	ult	451.3	8.13	29.6	2.48	0.16	6.49	296	6	290.27	124.17	57.32	47.4	2.3	6.14	2334	0.9	572	0.1	3	1146	6.59	5.84	76.26	4.42	17467	96761	2308	678	124	3645	101987	1613	3197	22273	19.6	62.6	477	9.89	190	3	5
vie1167	vie	vie1167	ult	440.5	7.44	27.54	1.16	0.08	6.21	239	1	53.92	366.29	28.21	10.11	1.59	5.19	1167	0.9	0.5	0.14	0.62	1167	5.05	4.49	56.65	2.49	1332	4714	88.6	122	87.8	26093	373437	2334	3550	39174	17.1	240	845	57.8	393	3	5
vie1168	vie	vie1167	ult	447.5	7.25	18.76	1.45	0.09	9.11	265	5	234.24	278.74	26.68	91.7	5.14	13.87	1987	0.9	622	0.14	0.62	1167	5.05	4.49	56.65	2.49	1332	4714	88.6	122	87.8	26093	373437	2334	3550	39174	17.1	240	845	57.8	393	3	5
vie1174	vie	gla1173	ult	439.6	6.78	20.74	2.79	2.38	4.66	171	2	126.31	302.73	46.51	4.88	1.69	7.11	1196	0.9	551	0.14	0.62	1173	6.62	6.21	44.1	2.81	1661	16323	125	125	99	18297	389849	5997	7962	21667	30.8	252	641	68.7	847	3	5
yah1142	yah	yah1142	sed	415.4	13.32	22.1	2.83	0.91	16.92	750	1	80.18	34.44	14.77	23.54	4.88	9.83	2570	0.9	0.43	0.1	1	1142	6.45	5.3	29.93	2.45	4029	9361	17877	13196	524	103	58008	964	62.9	85831	27.8	63.2	338	9.84	38	3	5
yah1143	yah	yah1143	sed	419	10.48	27.21	4.14	2.19	7.94	353	757	46.16	79.82	12.31	6.95	4.58	6.18	1512	0.9	0.43	0.1	1	1143	5.64	4.52	35.09	3.06	2627	6578	20629	7724	511	89.5	51508	955	50.7	82982	25.4	75.5	556	5	35.8	3	5
yah1144	yah	yah1144	sed	439	9.99	25.92	3.61	2	3.19	385	938	82.34	180.8	16.85	101.52	9.01	8.3	1775	0.9	0.43	0.1	1	1144	4.94	3.66	35.67	3.11	1335	5754	17532	6197	501	98.8	55440	719	58.3	83881	27.8	142	338	5	36.2	3	5
yah1145	yah	yah1144	sed	428.5	12.51	14.24	3.59	1.33	12.11	502	885	53.59	86.18	6.35	38.7	4.89	8.56	1919	0.9	0.43	0.1	1	1144	4.94	3.66	35.67	3.11	1335	5754	17532	6197	501	98.8	55440	719	58.3	83881	27.8	142	338	5	36.2	3	5
yah1198	yah	yah1200	sed	427.3	12.84	27.66	1.82	1.88	10.25	896	2	100.34	21.63	6.25	70.29	5.69	8.33	1567	0.9	0.5	0.14	0.62	1200	6.93	6.27	84.17	7.54	10924	5931	5539	7334	588	324	36293	2536	851	46312	40.9	91.1	772	11.8	57	3	5
yah1199	yah	yah1200	sed	437.2	13.95	18.35	2.71	2.37	7.78	569	2	74.49	59.11	28.1	49.04	3.61	7.46	1333	0.9	0.5	0.14	0.62	1200	6.93	6.27	84.17	7.54	10924	5931	5539	7334	588	324	36293	2536	851	46312	40.9	91.1	772	11.8	57	3	5
yah1200	yah	yah1200	sed	413.5	13.23	22.79	1.73	2.24	13.99	929	2	72.05	27.62	6.1	42.25	5.56	8.95	1459	0.9	0.5	0.14	0.62	1200	6.93	6.27	84.17	7.54	10924	5931	5539	7334	588	324	36293	2536	851	46312	40.9	91.1	772	11.8	57	3	5